Date,y,Temperature,dayofweek,month,day,weekofyear,is_weekend,y_lag_1,y_lag_7,y_lag_14,y_lag_30,y_roll_mean_7,y_roll_std_7,y_roll_mean_14,y_roll_std_14,y_roll_mean_30,y_roll_std_30,temp_lag_1,temp_lag_7,temp_lag_14,temp_roll_mean_7,temp_roll_mean_30
2018-05-01,74.426,37.24,1,5,1,18,0,72.501,68.981,73.359,74.536,71.16214285714287,1.4437783103799822,71.56521428571429,2.0188542896546906,71.52199999999999,3.258853828551085,38.03,39.67,40.53,38.82857142857143,38.093666666666664
2018-05-02,72.611,36.62,2,5,2,18,0,74.426,70.367,72.292,69.839,71.94,1.5366045902139345,71.64142857142858,2.1098696902629115,71.51833333333335,3.255405778333815,37.24,38.9,38.66,38.48142857142857,38.115
2018-05-03,69.091,36.88,3,5,3,18,0,72.611,71.214,73.139,71.016,72.26057142857142,1.3798231598218742,71.66421428571428,2.1191382202922258,71.61073333333334,3.2454209857447824,36.62,38.57,38.68,38.15571428571429,38.09366666666667
2018-05-04,67.914,37.61,4,5,4,18,0,69.091,70.158,75.812,71.544,71.95728571428572,1.8133977054400188,71.37507142857143,2.177784635261813,71.54656666666666,3.2764667227148006,36.88,39.42,37.91,37.91428571428572,38.09166666666667
2018-05-05,69.938,37.93,5,5,5,18,1,67.914,73.15,70.686,70.367,71.63671428571429,2.3137932574227844,70.81092857142856,1.9511885318475004,71.42556666666668,3.342918894735798,37.61,38.62,39.0,37.65571428571429,38.129000000000005
2018-05-06,68.013,38.35,6,5,6,18,1,69.938,71.764,70.576,71.753,71.17785714285715,2.2819429899810655,70.75750000000001,1.965064287458853,71.41126666666666,3.3485161503560654,37.93,38.59,40.0,37.55714285714286,38.163
2018-05-07,65.032,38.08,0,5,7,19,0,68.013,72.501,67.914,67.276,70.64200000000001,2.546446543715365,70.57442857142857,2.0981555165021932,71.28659999999999,3.4045073227039526,38.35,38.03,40.4,37.52285714285714,38.198
2018-05-08,65.989,37.79,1,5,8,19,0,65.032,74.426,68.981,65.56,69.575,3.1345689762177242,70.36857142857143,2.4849808763940144,71.2118,3.5184081961140854,38.08,37.24,39.67,37.529999999999994,38.227
2018-05-09,70.587,38.61,2,5,9,19,0,65.989,72.611,70.367,69.509,68.3697142857143,2.5202954664275476,70.15485714285714,2.7300682960502844,71.2261,3.495442119438518,37.79,36.62,38.9,37.60857142857143,38.24433333333333
2018-05-10,67.595,36.41,3,5,10,19,0,70.587,69.091,71.214,62.04,68.08057142857143,2.0188264625059547,70.17057142857142,2.732015787607434,71.26203333333333,3.4826992750207264,38.61,36.88,38.57,37.892857142857146,38.299
2018-05-11,67.166,36.24,4,5,11,19,0,67.595,67.914,70.158,78.804,67.86685714285714,1.9726910071077655,69.91207142857142,2.796153221956791,71.44720000000001,3.1023865496498444,36.41,37.61,39.42,37.82571428571429,38.24133333333334
2018-05-12,75.064,37.11,5,5,12,19,1,67.166,69.938,73.15,73.04,67.76,1.989895642154813,69.69835714285715,2.888719988217908,71.05926666666666,2.8696429302487196,36.24,37.93,38.62,37.629999999999995,38.202666666666666
2018-05-13,73.139,37.98,6,5,13,19,1,75.064,68.013,71.764,74.745,68.49228571428571,3.3815465748818574,69.83507142857142,3.102055831077332,71.12673333333332,2.9407288438979453,37.11,38.35,38.59,37.512857142857136,38.205666666666666
2018-05-14,76.142,40.13,0,5,14,20,0,73.139,65.032,72.501,74.316,69.22457142857142,3.7907274085212466,69.93328571428572,3.188391068296925,71.0732,2.8867120468414105,37.98,38.08,38.03,37.459999999999994,38.25133333333334
2018-05-15,73.359,41.46,1,5,15,20,0,76.142,65.989,74.426,74.965,70.81171428571429,4.059098656692356,70.19335714285714,3.542749314979994,71.13406666666668,2.9753349615351445,40.13,37.79,37.24,37.75285714285714,38.39333333333333
2018-05-16,77.836,41.78,2,5,16,20,0,73.359,70.587,72.611,74.437,71.86457142857142,3.5196644185273294,70.11714285714285,3.4550815832991186,71.08053333333334,2.9179245663163837,41.46,38.61,36.62,38.277142857142856,38.531666666666666
2018-05-17,73.15,41.93,3,5,17,20,0,77.836,67.595,69.091,73.359,72.90014285714285,4.099738586323534,70.49035714285715,3.9865161309892345,71.19383333333333,3.112264859788008,41.78,36.41,36.88,38.730000000000004,38.57333333333334
2018-05-18,69.938,42.18,4,5,18,20,0,73.15,67.166,67.914,72.292,73.69371428571428,3.375320662015405,70.78028571428571,4.024336742841018,71.18686666666666,3.1074813477214605,41.93,36.24,37.61,39.51857142857143,38.620000000000005
2018-05-19,70.477,41.0,5,5,19,20,1,69.938,75.064,69.938,73.139,74.08971428571428,2.541435336857514,70.92485714285714,3.949098823337238,71.1084,3.1083336660195213,42.18,37.11,37.93,40.36714285714286,38.73733333333334
2018-05-20,72.611,41.07,6,5,20,20,1,70.477,73.139,68.013,75.812,73.43442857142857,2.8240053621963677,70.96335714285715,3.9413576069311866,71.01966666666667,3.0862851716780098,41.0,37.98,38.35,40.92285714285714,38.81466666666667
2018-05-21,71.005,39.49,0,5,21,21,0,72.611,76.142,65.032,70.686,73.35900000000001,2.8402161889545594,71.29178571428572,3.867476839542246,70.91296666666666,2.9679545084734453,41.07,40.13,38.08,41.364285714285714,38.92
2018-05-22,70.796,39.51,1,5,22,21,0,71.005,73.359,65.989,70.576,72.62514285714285,2.659178158038707,71.71842857142857,3.4283309847007835,70.92360000000001,2.9676847425281743,39.49,41.46,37.79,41.27285714285715,38.93633333333334
2018-05-23,72.402,39.08,2,5,23,21,0,70.796,77.836,70.587,67.914,72.259,2.7171113337512853,72.06178571428572,3.0276787040841984,70.93093333333334,2.967067935409192,39.51,41.78,38.61,40.99428571428571,38.92
2018-05-24,68.233,39.0,3,5,24,21,0,72.402,73.15,67.595,68.981,71.4827142857143,1.2244282630796886,72.19142857142857,2.998388662503365,71.08053333333332,2.9225167323002155,39.08,41.93,36.41,40.60857142857143,38.876
2018-05-25,64.284,38.96,4,5,25,21,0,68.233,69.938,67.166,70.367,70.78028571428572,1.4900954907080362,72.237,2.927157665722868,71.0556,2.9441571195891707,39.0,42.18,36.24,40.19,38.85366666666666
2018-05-26,63.536,39.26,5,5,26,21,1,64.284,70.477,75.064,71.214,69.97257142857143,2.89389511772298,72.03114285714285,3.3778596285709974,70.85283333333334,3.1922359484497296,38.96,41.0,37.11,39.730000000000004,38.85566666666667
2018-05-27,68.552,37.75,6,5,27,21,1,63.536,72.611,73.139,70.158,68.98100000000001,3.753671091966734,71.20771428571429,3.9399913008215552,70.5969,3.4589279418479664,39.26,41.07,37.98,39.48142857142857,38.87866666666666
2018-05-28,59.257,38.12,0,5,28,22,0,68.552,71.005,76.142,73.15,68.40114285714286,3.3959235576679196,70.88007142857143,3.9577185048631645,70.54336666666667,3.4783284777103263,37.75,39.49,40.13,39.00714285714286,38.823
2018-05-29,59.477,39.42,1,5,29,22,0,59.257,70.796,73.359,71.764,66.72285714285715,4.588255965998868,69.674,4.7285495092616365,70.08026666666666,4.004385474687116,38.12,39.51,41.46,38.81142857142857,38.80633333333333
2018-05-30,60.115,40.11,2,5,30,22,0,59.477,72.402,77.836,72.501,65.10585714285715,4.897647170787666,68.68242857142857,5.31546318575539,69.6707,4.431781568671221,39.42,39.08,41.78,38.798571428571435,38.833999999999996
2018-05-31,59.587,38.36,3,5,31,22,0,60.115,68.233,73.15,74.426,63.35057142857143,3.958733924591946,67.41664285714286,5.072443723115685,69.25783333333334,4.72618161166464,40.11,39.0,41.93,38.94571428571429,38.903333333333336
2018-06-01,60.335,39.43,4,6,1,22,0,59.587,64.284,69.938,72.611,62.11542857142857,3.5042060849378305,66.44785714285715,5.187100803652516,68.76320000000001,4.938386560475991,38.36,38.96,42.18,38.854285714285716,38.940666666666665
2018-06-02,54.89,39.08,5,6,2,22,1,60.335,63.536,70.477,69.091,61.55128571428572,3.413604776688373,65.76192857142857,5.323223032716529,68.354,5.114036950495641,39.43,39.26,41.0,38.92142857142857,39.03433333333333
2018-06-03,56.914,40.34,6,6,3,22,1,54.89,68.552,72.611,67.914,60.31614285714286,4.075757125106748,64.64857142857143,5.863775230689161,67.88063333333334,5.670436615697594,39.08,37.75,41.07,38.895714285714284,39.10766666666667
2018-07-05,126.544,37.99,3,7,5,27,0,122.705,120.78,83.721,58.08,122.25557142857143,4.720548585956199,104.29257142857143,19.468054158679415,89.98476666666667,20.66103702321621,37.73,36.56,37.19,37.55857142857143,37.33433333333333
2018-07-06,123.761,37.57,4,7,6,27,0,126.544,117.249,86.394,57.453,123.079,4.918816592093936,107.35135714285715,19.351042244270992,92.2669,20.796132353197848,37.99,37.84,37.85,37.76285714285715,37.24066666666667
2018-07-07,126.753,34.82,5,7,7,27,1,123.761,118.536,85.426,52.756,124.00928571428571,4.194972058479091,110.02042857142858,18.807419230449728,94.47716666666666,20.48986868587414,37.57,37.51,38.45,37.72428571428571,37.17466666666667
2018-07-08,124.63,34.24,6,7,8,27,1,126.753,119.383,82.445,65.461,125.18314285714287,3.50029215107091,112.97235714285715,17.870142509901143,96.94373333333334,19.734235943437536,34.82,36.99,36.69,37.339999999999996,37.17
2018-07-09,128.469,36.69,0,7,9,28,0,124.63,127.072,78.166,80.091,125.93271428571428,2.45776251322618,115.98557142857143,15.758549746404018,98.91603333333333,19.43373340262661,34.24,38.15,36.65,36.94714285714286,37.12566666666667
2018-07-10,130.493,37.86,1,7,10,28,0,128.469,130.064,88.308,83.611,126.1322857142857,2.617236183092096,119.57864285714285,11.67867321631214,100.52863333333333,19.82110632369948,36.69,38.13,36.8,36.73857142857143,37.124
2018-07-11,130.504,37.31,2,7,11,28,0,130.493,122.705,99.847,82.544,126.19357142857143,2.7273525537363486,122.59185714285715,7.781862283117488,102.09136666666667,20.284021492184415,37.86,37.73,36.91,36.699999999999996,37.14
2018-07-12,140.217,33.07,3,7,12,28,0,130.504,126.544,120.78,83.083,127.30771428571427,2.6567892724275652,124.78164285714286,4.518229445720491,103.69003333333332,20.578118982572636,37.31,37.99,36.56,36.64,37.14833333333333
2018-07-13,132.209,34.91,4,7,13,28,0,140.217,123.761,117.249,81.697,129.261,5.5031854108922404,126.17,5.952625613316161,105.5945,21.238441170718378,33.07,37.57,37.84,35.93714285714286,37.02133333333333
2018-07-14,95.997,33.12,5,7,14,28,1,132.209,126.753,118.536,89.485,130.46785714285713,4.999257825869159,127.23857142857142,5.5576573885362475,107.27823333333335,21.280768785833097,34.91,34.82,37.51,35.55714285714286,36.92999999999999
2018-07-15,122.166,35.29,6,7,15,28,1,95.997,124.63,119.383,84.249,126.07414285714285,14.07872049617844,125.62864285714285,9.86662236343508,107.4953,21.12566344055127,33.12,34.24,36.99,35.31428571428571,36.748333333333335
2018-07-16,119.394,35.46,0,7,16,29,0,122.166,128.469,127.072,82.863,125.72214285714286,14.151460047506816,125.82742857142856,9.758553248023263,108.7592,20.818950002341523,35.29,36.69,38.15,35.464285714285715,36.67666666666666
2018-07-17,109.56,34.83,1,7,17,29,0,119.394,130.493,130.064,86.493,124.42571428571429,14.27303989711909,125.279,9.89798312789024,109.97689999999999,20.314283826988444,35.46,37.86,38.13,35.28857142857143,36.647000000000006
2018-07-18,119.922,35.34,2,7,18,29,0,109.56,130.504,122.705,84.678,121.43528571428571,14.966055322119919,123.81442857142856,10.625702052565277,110.74579999999999,19.825425789922395,34.83,37.31,37.73,34.855714285714285,36.56166666666666
2018-07-19,123.442,36.1,3,7,19,29,0,119.922,140.217,126.544,82.225,119.92357142857144,14.421906749306995,123.61564285714284,10.673976337927549,111.9206,19.26372822010129,35.34,33.07,37.99,34.574285714285715,36.477999999999994
2018-07-20,123.233,37.38,4,7,20,29,0,123.442,132.209,123.761,84.678,117.52714285714286,11.606782305022493,123.39407142857142,10.640657089775877,113.2945,18.528572051256845,36.1,34.91,37.57,35.00714285714286,36.44466666666667
2018-07-21,112.761,38.38,5,7,21,29,1,123.233,95.997,126.753,83.721,116.24485714285713,10.114300543101512,123.35635714285715,10.64019222358999,114.57966666666667,17.79795764597196,37.38,33.12,34.82,35.36,36.51433333333333
2018-08-24,91.729,32.67,4,8,24,34,0,90.871,89.155,99.308,115.324,94.65342857142856,3.911534773680496,93.808,4.845214498704978,99.95700000000001,8.775803242536888,35.65,33.24,33.89,33.98428571428571,35.44166666666667
2018-10-26,114.048,32.71,4,10,26,43,0,111.914,108.284,116.402,110.957,111.66728571428571,4.2702100929682985,112.05778571428571,3.553898340145411,109.08920000000002,5.429756363366118,33.76,35.0,31.55,34.597142857142856,33.425
2018-10-27,84.359,32.11,5,10,27,43,1,114.048,104.544,113.091,110.088,112.49071428571428,4.059620290711272,111.88964285714285,3.3841879063838443,109.19223333333333,5.49535200267744,32.71,34.24,31.88,34.27,33.42166666666667
2018-10-28,111.485,32.14,6,10,28,43,1,84.359,112.123,112.772,112.024,109.60714285714286,11.320492427872464,109.83735714285714,8.06899205036115,108.3346,7.1186712902007665,32.11,34.34,32.27,33.965714285714284,33.398
2018-10-29,109.021,32.62,0,10,29,44,0,111.485,116.182,109.67,111.804,109.51599999999999,11.299409674845585,109.74542857142858,8.040266506435325,108.31663333333334,7.109713149474717,32.14,34.97,32.1,33.651428571428575,33.38333333333333
2018-10-30,107.954,27.5,1,10,30,44,0,109.021,111.804,115.544,112.761,108.49300000000001,10.91286488507919,109.69907142857143,8.04260545675139,108.22386666666668,7.080738436716401,32.62,35.27,29.4,33.315714285714286,33.370333333333335
2018-10-31,104.225,28.24,2,10,31,44,0,107.954,116.82,111.485,109.879,107.94299999999998,10.81475858876785,109.15692857142857,7.872311521199688,108.06363333333334,7.028723960726412,27.5,34.6,30.6,32.205714285714286,33.16166666666667
2018-11-01,105.083,27.42,3,11,1,44,0,104.225,111.914,108.174,110.308,106.14371428571428,10.11693638928096,108.63835714285715,7.945932327609213,107.87516666666666,7.054125264490563,28.24,33.76,34.12,31.297142857142855,32.96066666666667
2018-11-02,98.142,28.9,4,11,2,44,0,105.083,114.048,108.284,109.021,105.16785714285713,9.79180991830347,108.41757142857143,8.00256889249452,107.701,7.05648957856606,27.42,32.71,35.0,30.391428571428573,32.72633333333333
2018-11-03,106.04,29.24,5,11,3,44,1,98.142,84.359,104.544,102.839,102.89557142857143,9.216289959579408,107.69314285714286,8.461481902008773,107.33836666666666,7.262834781806186,28.9,32.11,34.24,29.847142857142853,32.51166666666667
2018-11-04,102.3,27.62,6,11,4,44,1,106.04,111.485,112.123,98.142,105.99285714285713,4.2577518100736995,107.8,8.428033395939824,107.44506666666668,7.2178280520183735,29.24,32.14,34.34,29.437142857142856,32.366
2018-11-05,99.198,29.97,0,11,5,45,0,102.3,109.021,116.182,97.812,104.68071428571429,3.6558681465224905,107.09835714285714,8.449315599112545,107.58366666666666,7.071464206441698,27.62,32.62,34.97,28.791428571428572,32.18533333333333
2018-11-06,103.686,27.95,1,11,6,45,0,99.198,107.954,111.804,98.131,103.27742857142857,3.596985583194726,105.88521428571428,8.261966614261082,107.62986666666666,7.009679213149627,29.97,27.5,35.27,28.412857142857145,32.091
2019-04-20,81.048,38.09,5,4,20,16,1,85.008,75.603,82.654,93.324,82.02542857142858,5.786642776174314,82.75771428571429,4.269205194062677,85.73363333333333,4.834906357067199,37.27,35.71,35.38,36.36857142857143,35.62
2019-04-21,88.099,37.43,6,4,21,16,1,81.048,86.064,83.193,85.855,82.80328571428572,5.105287347913383,82.643,4.293712791799461,85.32443333333332,4.687589702559298,38.09,36.05,35.21,36.70857142857143,35.71333333333334
2019-04-22,79.024,37.76,0,4,22,17,0,88.099,86.493,83.93,87.142,83.09400000000001,5.3728403723420985,82.99342857142857,4.535448730480137,85.39923333333333,4.714176299742849,37.43,35.59,35.71,36.90571428571429,35.75266666666666
2019-04-23,84.469,37.64,1,4,23,17,0,79.024,72.182,82.863,97.284,82.027,5.326768219724736,82.64300000000001,4.645707961284183,85.12863333333333,4.841950023836794,37.76,36.51,34.9,37.215714285714284,35.79766666666667
2019-04-24,77.209,37.62,2,4,24,17,0,84.469,82.654,82.863,92.158,83.78228571428572,3.1015829675770834,82.75771428571429,4.671315716955265,84.70146666666666,4.263307593498446,37.64,36.36,35.18,37.37714285714286,35.881
2019-04-25,82.324,37.47,3,4,25,17,0,77.209,86.174,87.989,89.914,83.00442857142856,3.9878675528470278,82.35385714285714,4.900307790288409,84.20316666666668,4.23526263553443,37.62,37.09,35.62,37.55714285714286,35.995999999999995
2019-04-26,81.686,37.43,4,4,26,17,0,82.324,85.008,80.938,89.485,82.45442857142858,3.7353675792863523,81.94921428571429,4.625372902697889,83.95016666666666,4.107115012984802,37.47,37.27,35.68,37.611428571428576,36.11666666666667
2019-04-27,77.418,37.08,5,4,27,17,1,81.686,81.048,75.603,85.426,81.97985714285713,3.563964432509563,82.00264285714286,4.617106413314407,83.6902,3.9898492271228205,37.43,38.09,35.71,37.63428571428572,36.19733333333333
2019-04-28,82.016,37.25,6,4,28,17,1,77.418,88.099,86.064,88.957,81.46128571428572,3.9638117897756864,82.13228571428571,4.445896559725731,83.42326666666666,4.134955688653344,37.08,37.43,36.05,37.49,36.23833333333333
2019-04-29,89.166,37.28,0,4,29,18,0,82.016,79.024,86.493,88.308,80.59228571428571,2.745698254500097,81.84314285714285,4.299755321431296,83.1919,4.006848347431009,37.25,37.76,35.59,37.464285714285715,36.27933333333333
2019-04-30,92.257,39.42,1,4,30,18,0,89.166,84.469,72.182,89.485,82.04114285714286,4.114768135572954,82.03407142857144,4.572790420003481,83.22049999999999,4.047481249557248,37.28,37.64,36.51,37.395714285714284,36.309333333333335
2019-05-01,89.584,38.72,2,5,1,18,0,92.257,77.209,82.654,86.493,83.15371428571429,5.6478969748126415,83.46799999999999,4.3896223773105145,83.3129,4.223249560672963,39.42,37.62,36.36,37.65,36.42633333333333
2019-05-02,89.705,38.02,3,5,2,18,0,89.584,82.324,86.174,83.292,84.92157142857143,5.408699099819034,83.963,4.672396107418106,83.41593333333334,4.339610867135572,38.72,37.47,37.09,37.80714285714286,36.54233333333333
2019-05-03,87.78,37.6,4,5,3,18,0,89.705,81.686,85.008,82.863,85.97600000000001,5.535871355682749,84.21521428571428,4.891107978591577,83.6297,4.488685262931158,38.02,37.43,37.27,37.88571428571429,36.644666666666666
2019-06-24,112.123,37.22,0,6,24,26,0,108.702,112.233,121.407,87.351,112.38700000000001,4.458407338949509,115.75692857142857,4.762566364798487,111.85606666666666,10.205380024461375,36.7,38.53,36.88,37.81,37.520999999999994
2019-06-25,112.233,37.64,1,6,25,26,0,112.123,118.965,117.788,88.957,112.37128571428572,4.459234378017608,115.0937857142857,4.557259722827741,112.68180000000001,9.096155983862394,37.22,38.42,36.52,37.62285714285714,37.58033333333333
2019-06-26,117.458,37.52,2,6,26,26,0,112.233,106.15,116.611,85.855,111.40957142857143,3.400402469176257,114.697,4.5464539859261,113.45766666666667,7.9192863024534494,37.64,38.35,36.62,37.51142857142857,37.64066666666667
2019-06-27,120.571,35.87,3,6,27,26,0,117.458,117.15,120.032,92.906,113.02499999999999,3.1630563278784773,114.75750000000001,4.5793991166112855,114.51109999999998,5.987174731500167,37.52,38.09,36.94,37.392857142857146,37.666333333333334
2019-06-28,123.233,36.17,4,6,28,26,0,120.571,111.705,118.107,108.493,113.51371428571429,4.0473067470554485,114.796,4.629149548075864,115.43326666666667,4.487422568217069,35.87,37.63,37.1,37.075714285714284,37.59733333333333
2019-06-29,132.748,36.98,5,6,29,26,1,123.233,111.804,120.021,111.705,115.16057142857143,5.330607371808519,115.16214285714285,5.090872161292861,115.9246,4.508222997268452,36.17,36.95,38.72,36.86714285714286,37.477666666666664
2019-06-30,128.139,36.39,6,6,30,26,1,132.748,108.702,119.922,110.517,118.15257142857142,8.224747956769177,116.07121428571429,6.855681856662331,116.62603333333333,5.381512622144025,36.98,36.7,38.12,36.871428571428574,37.408
2019-07-01,123.761,35.4,0,7,1,27,0,128.139,112.123,112.233,114.587,120.92928571428571,7.770921582289492,116.65814285714285,7.52935265229528,117.21343333333334,5.646899104411097,36.39,37.22,38.53,36.82714285714286,37.326666666666675
2019-07-02,134.552,37.1,1,7,2,27,0,123.761,112.233,118.965,120.142,122.59185714285714,6.750830379258609,117.48157142857143,7.637766354053331,117.51923333333335,5.747274266589234,35.4,37.64,38.42,36.567142857142855,37.25666666666667
2019-07-03,130.284,35.09,2,7,3,27,0,134.552,117.458,106.15,108.603,125.78028571428571,6.2983969313436035,118.59492857142858,8.902057873273382,117.99956666666667,6.523745262808738,37.1,37.52,38.35,36.489999999999995,37.248000000000005
2019-07-04,131.989,36.04,3,7,4,27,0,130.284,120.571,117.15,120.769,127.61257142857143,5.252633144659662,120.31878571428571,8.639626159811872,118.72226666666666,6.646651461493304,35.09,35.87,38.09,36.142857142857146,37.149
2019-07-05,129.107,37.47,4,7,5,27,0,131.989,123.233,111.705,117.359,129.24371428571428,4.406168770949571,121.37871428571428,9.117967219713323,119.09626666666666,7.068097607454361,36.04,36.17,37.63,36.167142857142856,37.09133333333333
2019-08-20,102.52,35.0,1,8,20,34,0,110.319,127.072,131.45,125.158,114.55085714285714,8.922113752330292,119.15750000000001,8.6192560784642,120.90613333333334,6.809544881917354,34.52,34.0,36.74,34.42,35.711
2019-08-21,114.158,36.83,2,8,21,34,0,102.52,120.032,118.327,120.56,111.04342857142856,7.9527018649248085,117.09107142857144,8.90855056383143,120.15153333333335,7.537529178685584,35.0,33.7,34.95,34.56285714285714,35.726
2019-08-22,111.914,37.07,3,8,22,34,0,114.158,120.769,121.418,114.686,110.20428571428572,7.1116080627445175,116.79328571428572,8.933702268363888,119.93813333333334,7.615785438395341,36.83,32.94,35.43,35.010000000000005,35.737
2019-08-23,111.276,37.28,4,8,23,34,0,111.914,116.072,116.072,119.702,108.93928571428572,5.531096567417066,116.11442857142856,8.91632495623982,119.84573333333333,7.698076620206575,37.07,34.53,37.17,35.6,35.739000000000004
2019-08-24,111.386,35.21,5,8,24,34,1,111.276,104.335,123.871,115.115,108.25414285714285,4.740900949136297,115.77185714285714,9.00972413867015,119.56486666666666,7.8556024670000095,37.28,35.66,34.38,35.99285714285715,35.74766666666667
2019-08-25,105.292,36.0,6,8,25,34,1,111.386,103.257,129.635,118.954,109.26142857142858,4.513005792785102,114.88007142857143,8.760849804795702,119.44056666666667,7.957285201075854,35.21,35.59,31.23,35.92857142857143,35.67333333333333
2019-08-26,131.032,35.14,0,8,26,35,0,105.292,110.319,125.576,122.155,109.55214285714285,4.109236037211955,113.1412857142857,7.988830167836946,118.98516666666666,8.366511162977456,36.0,34.52,33.63,35.987142857142864,35.641
2019-08-27,114.367,34.39,1,8,27,35,0,131.032,102.52,127.072,121.946,112.51114285714286,9.136204088288238,113.53099999999999,8.739862496717583,119.28106666666667,8.635149516239574,35.14,35.0,34.0,36.075714285714284,35.632
2019-08-28,113.091,34.51,2,8,28,35,0,114.367,114.158,120.032,121.088,114.20357142857142,8.00408666155682,112.6235,7.838847940766177,119.02843333333334,8.665309118322812,34.39,36.83,33.7,35.98857142857143,35.55266666666667
2019-08-29,110.847,35.17,3,8,29,35,0,113.091,111.914,120.769,122.584,114.05114285714285,8.015251263031079,112.12771428571429,7.548353956363094,118.76186666666666,8.722581568720642,34.51,37.07,32.94,35.65714285714286,35.471333333333334
2019-08-30,114.466,36.6,4,8,30,35,0,110.847,111.276,116.072,129.965,113.89871428571428,8.072608287996271,111.419,7.128739040509595,118.37063333333334,8.808036990132186,35.17,37.28,34.53,35.385714285714286,35.415333333333336
2019-08-31,117.788,34.53,5,8,31,35,1,114.466,111.386,104.335,128.898,114.35442857142857,7.989487694404762,111.30428571428571,7.06070127731417,117.854,8.555444880510011,36.6,35.21,35.66,35.28857142857143,35.401666666666664
2019-09-01,121.627,34.12,6,9,1,35,1,117.788,105.292,103.257,120.032,115.26899999999999,7.959420414410262,112.26521428571428,6.953890822117278,117.48366666666666,8.297472595390788,34.53,36.0,35.59,35.191428571428574,35.331333333333326
2019-09-02,120.571,34.51,0,9,2,36,0,121.627,131.032,110.319,128.469,117.60257142857144,6.866330724560622,113.57735714285715,6.855805014809782,117.53683333333333,8.319445232181117,34.12,35.14,34.52,34.92285714285714,35.23133333333333
2019-09-03,115.654,36.07,1,9,3,36,0,120.571,114.367,102.52,125.158,116.10814285714285,3.993907544772152,114.30964285714285,7.0263983947034,117.27356666666667,8.083180748482647,34.51,34.39,35.0,34.832857142857144,35.153999999999996
2019-10-09,252.01,34.51,2,10,9,41,0,229.79,228.316,131.78,121.0,239.7214285714286,8.46687425317371,191.96571428571428,58.53918207679134,153.30773333333335,53.789456391489445,32.34,34.37,34.74,31.952857142857145,34.09066666666667
2019-10-10,256.718,34.66,3,10,10,41,0,252.01,237.71,128.579,122.166,243.10628571428575,7.861850285064625,200.55357142857142,57.84551300691274,157.67473333333334,56.334007028849165,34.51,33.65,35.02,31.972857142857144,34.038333333333334
2019-10-11,256.718,35.54,4,10,11,41,0,256.718,250.316,130.493,118.107,245.82171428571428,8.901274622478027,209.70635714285714,55.67807134370663,162.1598,58.71536071380056,34.66,28.41,34.8,32.11714285714286,34.032
2019-10-12,259.93,35.6,5,10,12,41,1,256.718,240.9,131.67,118.426,246.7362857142857,9.730291974281737,218.72242857142857,51.95997288551709,166.78016666666664,60.5541889789822,35.54,29.66,33.86,33.135714285714286,34.01366666666667
2019-10-13,250.096,34.56,6,10,13,41,1,259.93,242.616,121.308,119.383,249.45485714285715,10.459038697519043,227.88385714285715,46.44500301325244,171.49696666666665,62.147989185149505,35.6,32.3,34.13,33.98428571428571,33.98533333333334
2019-10-14,255.442,34.06,0,10,14,42,0,250.096,248.402,119.812,124.828,250.52342857142858,10.016628888289958,237.08300000000003,35.074672779875065,175.85406666666668,62.94530114200312,34.56,32.94,34.84,34.30714285714286,33.933
2019-10-15,273.372,33.13,1,10,15,42,0,255.442,229.79,245.828,118.635,251.52914285714286,10.121007713803403,246.77085714285718,9.85910783026082,180.2078666666667,63.805504453787414,34.06,32.34,34.34,34.46714285714285,33.86566666666667
2019-10-16,271.04,32.74,2,10,16,42,0,273.372,252.01,228.316,121.528,257.75514285714286,7.613445637567947,248.73828571428572,12.140735825045544,185.36576666666667,64.90134407443195,33.13,34.51,34.37,34.58,33.774
2019-10-17,268.246,32.84,3,10,17,42,0,271.04,256.718,237.71,115.654,260.47371428571427,8.55894926795578,251.79,11.981018089522056,190.34949999999998,65.56729506537265,32.74,34.66,33.65,34.32714285714285,33.68333333333334
2019-10-18,268.884,30.91,4,10,18,42,0,268.246,256.718,250.316,121.418,262.12057142857145,8.820919658349688,253.97114285714287,12.000104120423874,195.4359,65.49159944200781,32.84,35.54,28.41,34.067142857142855,33.70733333333333
2019-10-19,282.546,32.53,5,10,19,42,1,268.884,259.93,240.9,115.654,263.85857142857145,8.777465671767686,255.29742857142858,12.577266584007402,200.35143333333332,65.27830028671833,30.91,35.6,29.66,33.40571428571429,33.619
2019-10-20,294.294,32.44,6,10,20,42,1,282.546,250.096,242.616,122.056,267.0894285714286,10.977102454005191,258.27214285714285,13.77777752456456,205.9145,64.9217827573807,32.53,34.56,32.3,32.96714285714286,33.632666666666665
2019-10-21,284.702,31.41,0,10,21,43,0,294.294,255.442,248.402,117.788,273.4034285714286,12.214926590817473,261.9634285714286,16.003495088038665,211.65576666666666,64.86594189646885,32.44,34.06,32.94,32.66428571428572,33.57
2019-10-22,279.994,32.4,1,10,22,43,0,284.702,273.372,229.79,114.587,277.58342857142856,9.81465392253132,264.5562857142857,16.567957227166776,217.21956666666668,63.68457849307169,31.41,33.13,32.34,32.28571428571429,33.45766666666667
2019-10-23,284.262,35.1,2,10,23,43,0,279.994,271.04,252.01,117.568,278.5294285714286,9.658975978456139,268.1422857142857,13.638352435054761,222.7331333333333,61.61931062510049,32.4,32.74,34.51,32.18142857142857,33.38333333333333
2019-10-24,287.694,32.82,3,10,24,43,0,284.262,268.246,256.718,122.914,280.4182857142857,9.23373585851218,270.44599999999997,13.426024372890284,228.2896,59.28048766761557,35.1,32.84,34.66,32.518571428571434,33.41066666666667
2019-10-25,260.788,32.91,4,10,25,43,0,287.694,268.884,256.718,131.78,283.1965714285714,7.770785521365218,272.65857142857146,13.541544632458702,233.78226666666666,56.76050544593605,32.82,30.91,35.54,32.51571428571429,33.355
2019-10-26,287.034,32.48,5,10,26,43,1,260.788,282.546,259.93,128.579,282.04,10.410262692811605,272.94928571428574,13.212697985870937,238.08253333333334,53.563038208446635,32.91,32.53,35.6,32.80142857142857,33.294
2019-10-27,279.994,32.73,6,10,27,43,1,287.034,294.294,250.096,130.493,282.68114285714285,10.583382941016652,274.8852857142857,13.143831770237254,243.36436666666668,50.09276297684123,32.48,32.44,34.56,32.794285714285714,33.20933333333333
2019-10-28,278.718,33.17,0,10,28,44,0,279.994,284.702,255.442,131.67,280.6382857142857,9.266403432370097,277.02085714285715,11.07188066059866,248.34773333333334,45.72256234028109,32.73,31.41,34.06,32.83571428571429,33.14033333333334
2019-10-29,287.474,33.36,1,10,29,44,0,278.718,279.994,273.372,121.308,279.78342857142854,9.103622481502956,278.6834285714286,9.165823826448042,253.2493333333333,40.34930143678761,33.17,32.4,33.13,33.08714285714286,33.117333333333335
2019-10-30,279.576,32.8,2,10,30,44,0,287.474,284.262,271.04,119.812,280.85200000000003,9.560014714075765,279.6907142857143,9.310946299324819,258.7882,32.19357331175397,33.36,35.1,32.74,33.22428571428571,33.09166666666667
2019-10-31,271.238,32.0,3,10,31,44,0,279.576,287.694,268.246,245.828,280.18257142857146,9.444808289163912,280.3004285714286,8.97428871587844,264.1136666666667,18.86731284036119,32.8,32.82,32.84,32.895714285714284,33.02366666666667
2019-11-01,150.469,29.42,4,11,1,44,0,271.238,260.788,268.884,228.316,277.8317142857143,9.310607887678806,280.5141428571429,8.696467380551592,264.96066666666667,18.586385052863275,32.0,32.91,30.91,32.778571428571425,32.94566666666667
2019-11-02,141.603,28.81,5,11,2,44,1,150.469,287.034,282.546,237.71,262.07185714285714,49.51815429526363,272.0559285714286,35.903793025386534,262.3657666666667,27.27994244316263,29.42,32.48,32.53,32.279999999999994,32.78066666666667
2019-11-03,138.083,30.96,6,11,3,44,1,141.603,279.994,294.294,250.316,241.29600000000002,65.29480443087856,261.98857142857145,49.80506002516011,259.1622,34.86402964661383,28.81,32.73,32.44,31.755714285714284,32.61933333333334
2019-11-04,149.501,31.48,0,11,4,45,0,138.083,278.718,284.702,240.9,221.023,72.86848355770833,250.8306428571429,58.71248772241612,255.4211,41.27767989783637,30.96,33.17,31.41,31.502857142857145,32.70433333333333
2019-11-05,144.375,32.18,1,11,5,45,0,149.501,287.474,279.994,242.616,202.5634285714286,72.18066268481509,241.17342857142856,63.626188033295506,252.37446666666668,45.539412590469674,31.48,33.36,32.4,31.26142857142857,32.765
2019-11-06,143.209,31.56,2,11,6,45,0,144.375,279.576,284.262,248.402,182.12071428571429,63.91536656838822,231.48635714285714,67.46904789788562,249.09976666666668,49.61515765311695,32.18,32.8,35.1,31.092857142857138,32.761
2019-12-08,132.836,30.5,6,12,8,49,1,137.434,119.922,137.533,143.847,135.58757142857144,7.401148533778874,136.04564285714287,5.312002528484702,137.51723333333334,5.0281105705036095,30.61,30.38,29.9,30.054285714285715,30.488
2019-12-09,134.981,30.42,0,12,9,50,0,132.836,142.769,134.123,141.174,137.43242857142857,3.341619610167684,135.71014285714287,5.358957660663299,137.1502,4.9514246532252315,30.5,30.1,30.48,30.071428571428573,30.512666666666668
2019-12-10,136.587,30.11,1,12,10,50,0,134.981,138.292,134.772,145.233,136.31985714285716,2.444869828068566,135.77142857142857,5.344296725902868,136.94376666666668,4.906777850558104,30.42,30.8,30.03,30.117142857142856,30.459999999999997
2019-12-11,133.485,30.39,2,12,11,50,0,136.587,134.871,136.686,139.04,136.07628571428572,2.2960494851167237,135.9010714285714,5.340200190200657,136.65556666666666,4.650330775654952,30.11,28.81,30.05,30.018571428571427,30.378666666666668
2019-12-12,137.973,30.66,3,12,12,50,0,133.485,140.107,140.855,141.075,135.8782857142857,2.4704479832825377,135.67242857142858,5.372436758610136,136.4704,4.662691553615046,30.39,29.41,30.27,30.244285714285716,30.320666666666668
2019-12-13,140.855,30.13,4,12,13,50,0,137.973,135.718,134.123,145.442,135.57342857142856,1.9353689447726707,135.46657142857143,5.211380294261717,136.36700000000002,4.590901053472382,30.66,30.27,28.32,30.422857142857143,30.271333333333338
2019-12-14,133.276,31.17,5,12,14,50,1,140.855,137.434,137.434,141.603,136.3072857142857,2.786221737665201,135.94742857142856,5.38554437951511,136.2141,4.348206006208657,30.13,30.61,30.34,30.40285714285714,30.17666666666667
2019-12-15,123.981,30.43,6,12,15,50,1,133.276,132.836,119.922,133.056,135.71328571428572,2.9446999119499564,135.65042857142856,5.411844967849192,135.93653333333333,4.257167827636002,31.17,30.5,30.38,30.482857142857142,30.111666666666668
2019-12-16,131.021,27.38,0,12,16,51,0,123.981,134.981,142.769,140.107,134.4482857142857,5.325938499905109,135.94035714285715,4.543466443605188,135.63403333333332,4.76145796625186,30.43,30.42,30.1,30.472857142857144,30.096333333333334
2019-12-17,120.879,29.97,1,12,17,51,0,131.021,136.587,138.292,138.93,133.88257142857142,5.468333074992529,135.1012142857143,4.261379303221557,135.33116666666666,4.756098720616034,27.38,30.11,30.8,30.03857142857143,30.054333333333332
2019-12-18,132.528,30.11,2,12,18,51,0,120.879,133.485,134.871,131.989,131.63857142857142,7.140800418654577,133.85742857142856,5.59191601557698,134.72946666666667,5.385312111043252,29.97,30.39,28.81,30.01857142857143,30.02333333333333
2019-12-19,127.93,28.99,3,12,19,51,0,132.528,137.973,140.107,133.265,131.50185714285712,7.108646529136207,133.69007142857143,5.5943086252455885,134.74743333333333,5.376746302901311,30.11,30.66,29.41,29.978571428571428,29.964666666666666
2019-12-20,128.579,29.77,4,12,20,51,0,127.93,140.855,135.718,141.922,130.06714285714287,6.578636774403468,132.82028571428572,5.4650063470794334,134.5696,5.513943676623962,28.99,30.13,30.27,29.740000000000002,29.868666666666666
2019-12-21,129.745,29.87,5,12,21,51,1,128.579,133.276,137.434,133.804,128.31342857142857,4.545673432220026,132.31035714285716,5.50673156735803,134.12483333333336,5.438048116384036,29.77,31.17,30.61,29.68857142857143,29.809666666666665
2019-12-22,130.174,28.9,6,12,22,51,1,129.745,123.981,132.836,137.115,127.809,4.074719335939191,131.76114285714286,5.337239532208431,133.98953333333333,5.49648626151331,29.87,30.43,30.5,29.502857142857142,29.866
2019-12-23,130.174,28.95,0,12,23,52,0,130.174,131.021,134.981,133.276,128.6937142857143,3.765648050217285,131.571,5.343415646309345,133.75816666666665,5.506464264427621,28.9,27.38,30.42,29.284285714285712,29.924333333333333
2019-12-24,126.654,29.88,1,12,24,52,0,130.174,120.879,136.587,137.533,128.57271428571428,3.691276460084226,131.22764285714285,5.261252930727795,133.65476666666666,5.544821539888508,28.95,29.97,30.11,29.508571428571425,29.917333333333332
2019-12-25,128.249,30.44,2,12,25,52,0,126.654,132.528,133.485,134.123,129.3977142857143,1.8919558411262944,130.51814285714286,5.151536049599472,133.29213333333334,5.6374097850940155,29.88,30.11,30.39,29.495714285714282,29.916666666666668
2019-12-26,127.82,31.19,3,12,26,52,0,128.249,127.93,137.973,134.772,128.78642857142856,1.315430583139095,130.14414285714287,5.109468674124696,133.09633333333332,5.709109504410446,30.44,28.99,30.66,29.542857142857144,29.91533333333333
2019-12-27,123.332,30.54,4,12,27,52,0,127.82,128.579,140.855,136.686,128.7707142857143,1.327964070085714,129.41892857142858,4.608806344117332,132.8646,5.779407060627433,31.19,29.77,30.13,29.857142857142858,29.954
2019-12-28,126.115,29.9,5,12,28,52,1,123.332,129.745,133.276,140.855,128.02114285714285,2.4559719344624495,128.16728571428573,3.5133665518227457,132.41946666666666,5.98552243986918,30.54,29.87,31.17,29.967142857142857,29.970333333333333
2019-12-29,123.442,29.41,6,12,29,52,1,126.115,130.174,123.981,134.123,127.50257142857143,2.4141966128972157,127.65578571428571,3.2215469570841027,131.92813333333334,5.87312321150238,29.9,28.9,30.43,29.97142857142857,29.957999999999995
2019-12-30,126.434,29.32,0,12,30,1,0,123.442,130.174,131.021,137.434,126.54085714285715,2.5115573142708234,127.6172857142857,3.271672482868571,131.5721,6.05636723565541,29.41,28.95,27.38,30.044285714285714,29.994333333333334
2019-12-31,126.544,29.22,1,12,31,1,0,126.434,126.654,120.879,119.922,126.00657142857143,1.943406961770424,127.28964285714287,3.131255919253943,131.20543333333333,6.022122450246604,29.32,29.88,29.97,30.09714285714286,29.96033333333333
2020-01-01,132.099,29.17,2,1,1,1,0,126.544,128.249,132.528,142.769,125.99085714285715,1.9377358289682507,127.69428571428571,2.551459112819594,131.4261666666667,5.707418651276292,29.22,30.44,30.11,30.002857142857145,29.921666666666667
2020-01-02,126.973,29.56,3,1,2,1,0,132.099,127.82,127.93,138.292,126.54085714285715,2.96146418902327,127.66364285714288,2.4907959063815936,131.07049999999998,5.293659432724421,29.17,31.19,28.99,29.821428571428573,29.890666666666664
2020-01-03,128.469,29.9,4,1,3,1,0,126.973,123.332,128.579,134.871,126.41985714285714,2.9174667909336325,127.59528571428572,2.4960500928324048,130.6932,5.1629678073107845,29.56,30.54,29.77,29.58857142857143,29.849333333333334
2020-02-04,51.788,30.82,1,2,4,6,0,109.142,110.528,107.217,124.509,108.73814285714286,4.194543496361466,106.03685714285713,8.70876160813112,107.99543333333334,8.713721900399072,31.03,29.37,29.45,30.162857142857145,30.119666666666667
2020-02-05,107.536,31.28,2,2,5,6,0,51.788,108.812,106.678,118.316,100.34671428571428,21.805075248011438,102.07764285714286,16.888875148621427,105.57140000000001,13.014897407362142,30.82,30.04,30.03,30.37,30.16866666666667
2020-02-06,102.619,31.57,3,2,6,6,0,107.536,109.45,110.198,118.965,100.16442857142856,21.727708920923842,102.13892857142856,16.908398329570918,105.21206666666666,12.797898927595245,31.28,30.35,30.33,30.54714285714286,30.225
2020-02-07,105.193,31.92,4,2,7,6,0,102.619,115.115,106.568,119.493,99.18857142857142,21.391965055889408,101.59757142857143,16.751119442336893,104.66720000000001,12.537495103723318,31.57,29.8,30.95,30.721428571428568,30.274
2020-02-08,68.442,32.38,5,2,8,6,1,105.193,101.123,77.946,116.831,97.77114285714285,20.46963329282843,101.49935714285714,16.723743911011894,104.19053333333335,12.222266999305944,31.92,29.94,30.98,31.024285714285718,30.312
2020-02-09,104.434,32.12,6,2,9,6,1,68.442,106.997,110.308,115.973,93.10242857142858,23.131582831395868,100.8205,17.904583223942574,102.57756666666667,13.610666331160488,32.38,30.61,30.94,31.372857142857146,30.368333333333332
2020-02-10,99.418,32.25,0,2,10,7,0,104.434,109.142,104.434,99.627,92.73628571428571,22.894059336534788,100.40092857142857,17.733157705983555,102.19293333333333,13.380154279646828,32.12,31.03,30.5,31.58857142857143,30.43566666666667
2020-02-11,100.595,31.44,1,2,11,7,0,99.418,51.788,110.528,97.493,91.34714285714286,22.010669900668734,100.04264285714285,17.696037781671325,102.18596666666667,13.38159069067159,32.25,30.82,29.37,31.762857142857143,30.509333333333334
2020-02-12,95.568,31.52,2,2,12,7,0,100.595,107.536,108.812,110.099,98.31957142857142,13.460505771294796,99.33314285714286,17.44058421682558,102.28936666666667,13.3560377731899,31.44,31.28,30.04,31.851428571428574,30.567333333333334
2020-02-13,101.442,31.22,3,2,13,7,0,95.568,102.619,109.45,104.533,96.60985714285714,12.84054790405003,98.38714285714286,17.244977988509763,101.805,13.326505439964535,31.52,31.57,30.35,31.885714285714283,30.624333333333333
2020-02-14,105.93,31.86,4,2,14,7,0,101.442,105.193,115.115,100.804,96.44171428571428,12.756174488123067,97.81514285714286,16.980588971651912,101.70196666666668,13.316632041545269,31.22,31.92,29.8,31.83571428571429,30.670666666666666
2020-02-15,128.15,32.54,5,2,15,7,1,105.93,68.442,101.123,107.855,96.54700000000001,12.84318816857195,97.15907142857144,16.429254060806187,101.87283333333333,13.337582418279291,31.86,32.38,29.94,31.827142857142857,30.74566666666667
2020-02-16,99.638,33.18,6,2,16,7,1,128.15,104.434,106.997,103.587,105.07671428571429,10.717985642745909,99.08957142857142,18.400489871047334,102.54933333333334,14.141910860334047,32.54,32.12,30.61,31.849999999999998,30.830000000000002
2020-02-17,101.552,34.35,0,2,17,8,0,99.638,99.418,109.142,113.839,104.39157142857144,10.917355324698676,98.56392857142859,18.261812823756035,102.4177,14.150295391458869,33.18,32.25,31.03,32.00142857142857,30.934
2020-02-18,100.067,34.08,1,2,18,8,0,101.552,100.595,51.788,99.737,104.69642857142858,10.784310144173642,98.02178571428571,18.034875637449026,102.00813333333333,13.985171860997426,34.35,31.44,30.82,32.301428571428566,31.08
2020-02-19,96.646,33.7,2,2,19,8,0,100.067,95.568,107.536,103.686,104.621,10.81956667339373,101.47028571428572,12.179640764113929,102.01913333333333,13.983453583416553,34.08,31.52,31.28,32.67857142857143,31.21033333333333
2020-02-20,59.686,33.07,3,2,20,8,0,96.646,101.442,102.619,107.217,104.775,10.67595383716816,100.69242857142856,12.110000372955241,101.78446666666667,14.013555399938715,33.7,31.22,31.57,32.99,31.351666666666667
2020-02-21,93.434,32.76,4,2,21,8,0,59.686,105.93,105.193,106.678,98.80985714285715,20.234806929550953,97.62578571428573,16.29684430603593,100.20009999999999,15.933562775280945,33.07,31.86,31.92,33.25428571428571,31.472333333333335
2020-02-22,104.434,33.58,5,2,22,8,1,93.434,128.15,68.442,110.198,97.02471428571428,20.05235118977593,96.78585714285715,16.17943700103131,99.75863333333334,15.931366150229218,32.76,32.54,32.38,33.38285714285714,31.563333333333336
2020-02-23,98.021,34.73,6,2,23,8,1,104.434,99.638,104.434,106.568,93.63671428571429,15.37500691289086,99.35671428571429,14.048416069647992,99.56649999999999,15.83559458015146,33.58,33.18,32.12,33.53142857142857,31.671666666666667
2020-02-24,102.3,34.55,0,2,24,9,0,98.021,101.552,99.418,77.946,93.40571428571427,15.281677642570589,98.89864285714286,13.974486678929232,99.2816,15.782080784974903,34.73,34.35,32.25,33.75285714285714,31.797666666666665
2020-02-25,101.882,34.18,1,2,25,9,0,102.3,100.067,100.595,110.308,93.51257142857142,15.35059416718869,99.1045,14.003922064633096,100.0934,15.264654323882077,34.55,34.08,31.44,33.78142857142857,31.916666666666668
2020-02-26,93.753,34.3,2,2,26,9,0,101.882,96.646,95.568,104.434,93.77185714285713,15.494411061504415,99.19642857142857,14.018675553123634,99.81253333333332,15.147293978733844,34.18,33.7,31.52,33.79571428571428,32.02466666666667
2020-02-27,57.024,34.24,3,2,27,9,0,93.753,59.686,101.442,110.528,93.35857142857142,15.443470398598697,99.06678571428571,14.063133895066187,99.4565,15.160443230601857,34.3,33.07,31.22,33.88142857142857,32.15133333333333
2020-02-28,98.241,34.23,4,2,28,9,0,57.024,93.434,105.93,108.812,92.9782857142857,16.413162205115807,95.89407142857144,17.957345013046726,97.67303333333332,16.86441721594196,34.24,32.76,31.86,34.04857142857143,32.31366666666666
2020-02-29,93.544,34.06,5,2,29,9,1,98.241,104.434,128.15,109.45,93.66499999999999,16.53551134175616,95.34485714285714,17.74309491196384,97.32066666666667,16.733581363963726,34.23,33.58,32.54,34.25857142857142,32.45333333333333
2020-03-01,92.048,33.72,6,3,1,9,1,93.544,98.021,99.638,115.115,92.10928571428572,15.85160540465146,92.873,15.023445835401551,96.79046666666666,16.587364047690073,34.06,34.73,33.18,34.32714285714285,32.577000000000005
2020-03-02,97.174,33.51,0,3,2,10,0,92.048,102.3,101.552,101.123,91.256,15.639688178903917,92.33085714285713,14.896957763027334,96.02156666666666,16.23963328463937,33.72,34.55,34.35,34.182857142857145,32.70766666666666
2020-03-03,93.335,34.23,1,3,3,10,0,97.174,101.882,100.067,106.997,90.52371428571428,15.148697245575574,92.01814285714285,14.733554199942771,95.88993333333333,16.212839364876565,33.51,34.18,34.08,34.034285714285716,32.82666666666667
2020-03-04,96.745,36.79,2,3,4,10,0,93.335,93.753,96.646,109.142,89.30271428571429,14.40691359167914,91.53728571428572,14.559485231964569,95.43453333333333,16.081438998345206,34.23,34.3,33.7,34.04142857142857,32.94733333333333
2020-03-05,95.359,37.32,3,3,5,10,0,96.745,57.024,59.686,51.788,89.73014285714285,14.603987257236899,91.54435714285715,14.562181153233007,95.02129999999998,15.875015671239382,36.79,34.24,33.07,34.39714285714286,33.13933333333333
2020-03-06,90.442,36.98,4,3,6,10,0,95.359,98.241,93.434,107.536,95.20657142857144,2.2989862155004466,94.09242857142856,11.318608868818085,96.47366666666667,13.615637939728485,37.32,34.23,32.76,34.83714285714286,33.356
2020-03-07,89.705,35.58,5,3,7,10,1,90.442,93.544,104.434,102.619,94.09242857142856,2.4669890458602586,93.87871428571428,11.360168115147259,95.90386666666667,13.493865683527616,36.98,34.06,33.58,35.230000000000004,33.546
2020-03-08,94.831,35.15,6,3,8,10,1,89.705,92.048,98.021,105.193,93.544,2.982156602194729,92.82664285714284,10.983219120424858,95.47340000000001,13.478235082456377,35.58,33.72,34.73,35.44714285714286,33.67966666666666
2020-03-09,88.528,35.26,0,3,9,11,0,94.831,97.174,102.3,68.442,93.94157142857144,2.9346055871947305,92.59878571428571,10.899942012398045,95.12799999999999,13.352753591779695,35.15,33.51,34.55,35.651428571428575,33.787333333333336
2020-03-10,93.973,35.01,1,3,10,11,0,88.528,93.335,101.882,104.434,92.70642857142857,3.1583375298398066,91.61507142857144,10.573637722507204,95.79753333333333,12.440969558995103,35.26,34.23,34.18,35.901428571428575,33.88333333333333
2020-03-11,93.973,35.31,2,3,11,11,0,93.973,96.745,93.753,99.418,92.79757142857143,3.1885610054894578,91.05014285714286,10.187116961046263,95.44883333333334,12.336722023359204,35.01,36.79,34.3,36.012857142857136,33.97966666666667
2020-03-12,98.89,34.81,3,3,12,11,0,93.973,95.359,57.024,100.595,92.40157142857143,2.7599292175213406,91.06585714285714,10.191775627415218,95.26733333333333,12.316350403605554,35.31,37.32,34.24,35.801428571428566,34.08166666666666
2020-03-13,96.745,35.54,4,3,13,11,0,98.89,90.442,98.241,95.568,92.90599999999999,3.5887658045648,94.05628571428572,3.131866816813011,95.2105,12.294833385726928,34.81,36.98,34.23,35.44285714285714,34.193999999999996
2020-03-14,97.383,35.25,5,3,14,11,1,96.745,89.705,93.544,101.442,93.80642857142858,3.65756439256069,93.94942857142857,3.000886528354034,95.24973333333334,12.297891069368351,35.54,35.58,34.06,35.237142857142864,34.327999999999996
2020-03-15,93.324,34.21,6,3,15,11,1,97.383,94.831,92.048,105.93,94.90328571428572,3.3619226004537968,94.22364285714286,3.133460746086561,95.11443333333334,12.249648968042179,35.25,35.15,33.72,35.19,34.46233333333334
2020-03-16,87.131,34.5,0,3,16,12,0,93.324,88.528,97.174,128.15,94.688,3.4151530956430247,94.31478571428572,3.0834686806270875,94.69423333333334,12.080898606916694,34.21,35.26,33.51,35.05571428571428,34.54066666666667
2020-03-17,85.965,34.85,1,3,17,12,0,87.131,93.973,93.335,99.638,94.48842857142857,3.8484514572826716,93.59742857142858,3.5063500793751112,93.32693333333333,10.362938139928332,34.5,35.01,34.23,34.94714285714286,34.605999999999995
2020-03-18,98.769,34.96,2,3,18,12,0,85.965,93.973,96.745,101.552,93.34442857142858,5.034638148440055,93.07100000000001,4.058549380867056,92.87116666666667,10.376466946009925,34.85,35.31,36.79,34.924285714285716,34.66166666666666
2020-03-19,94.182,35.21,3,3,19,12,0,98.769,98.89,95.359,100.067,94.02957142857143,5.444116330412235,93.21557142857144,4.231839165810526,92.77839999999999,10.30840019562351,34.96,34.81,37.32,34.87428571428571,34.682
2020-03-20,99.308,35.4,4,3,20,12,0,94.182,96.745,90.442,96.646,93.357,5.017692331475392,93.1315,4.197533721861815,92.58223333333333,10.220537615536774,35.21,35.54,36.98,34.931428571428576,34.71966666666667
2020-03-21,94.82,35.6,5,3,21,12,1,99.308,97.383,89.705,59.686,93.72314285714286,5.386106368197477,93.76478571428572,4.423293172402644,92.67096666666666,10.268478406851788,35.4,35.25,35.58,34.91142857142857,34.77633333333333
2020-03-22,87.45,36.36,6,3,22,12,1,94.82,93.324,94.831,93.434,93.357,5.178979436145083,94.13014285714287,4.270782739592806,93.8421,8.164835312444307,35.6,34.21,35.15,34.96142857142857,34.86066666666667
2020-03-23,93.863,36.48,0,3,23,13,0,87.45,87.131,88.528,104.434,92.51785714285714,5.640528977221094,93.60292857142858,4.618993787601697,93.64263333333334,8.247821703998381,36.36,34.5,35.26,35.26857142857143,34.980666666666664
2020-03-24,96.107,35.67,1,3,24,13,0,93.863,85.965,93.973,98.021,93.47957142857142,5.1187615968833615,93.984,4.382097039266838,93.29026666666667,7.992756250392488,36.48,34.85,35.01,35.55142857142857,35.07733333333333
2020-03-25,96.965,35.88,2,3,25,13,0,96.107,98.769,93.973,102.3,94.92842857142857,3.935958369409894,94.13642857142858,4.418647490846523,93.22646666666667,7.961269300694971,35.67,34.96,35.31,35.668571428571425,35.108666666666664
2020-03-26,100.386,35.71,3,3,26,13,0,96.965,94.182,98.89,101.882,94.67071428571428,3.6942145630849277,94.35014285714286,4.4820365195578065,93.04863333333333,7.809744887368245,35.88,35.21,34.81,35.800000000000004,35.153000000000006
2020-04-30,83.93,37.51,3,4,30,18,0,78.375,83.281,79.97,103.257,85.66957142857143,6.898618022405776,82.73964285714285,6.038463120915579,87.41956666666667,7.352163105033578,38.55,36.86,38.0,37.832857142857144,37.38033333333333
2020-05-01,76.67,40.12,4,5,1,18,0,83.93,83.182,83.072,97.383,85.76228571428571,6.865447878430272,83.02250000000001,5.991310332474857,86.77533333333332,6.737636060087358,37.51,37.43,37.09,37.925714285714285,37.38933333333333
2020-05-02,81.697,40.32,5,5,2,18,1,76.67,85.855,79.552,98.571,84.832,7.667681222726176,82.56521428571429,6.226924517815332,86.0849,6.674115399736076,40.12,38.4,37.13,38.31,37.513
2020-05-03,80.949,39.69,6,5,3,18,1,81.697,100.375,73.04,97.713,84.23800000000001,7.735975008578276,82.71842857142857,6.17323844340562,85.52243333333332,6.285260769745913,40.32,38.2,36.87,38.58428571428571,37.651666666666664
2020-05-04,81.477,40.35,0,5,4,19,0,80.949,83.831,82.324,96.954,81.46285714285715,3.0434816372380413,83.28335714285716,5.549817912567689,84.96363333333333,5.897308675961363,39.69,37.36,36.97,38.79714285714285,37.760999999999996
2020-05-05,80.619,40.44,1,5,5,19,0,81.477,84.788,78.804,93.434,81.12657142857142,2.8628996290001143,83.22285714285714,5.565674620209291,84.44773333333333,5.473989826088553,40.35,38.03,37.35,39.22428571428571,37.87833333333333
2020-06-06,94.611,39.02,5,6,6,23,1,95.359,76.032,72.501,81.158,81.994,10.332970482877357,75.86149999999999,9.615712244111876,78.47216666666667,7.820077855171887,39.1,39.69,39.44,39.67714285714286,39.46666666666667
2020-06-07,96.635,40.11,6,6,7,23,1,94.611,70.906,67.067,80.619,84.64814285714286,10.915994372610852,77.44078571428572,10.767964482873218,78.9206,8.347352211208124,39.02,40.6,39.95,39.58142857142857,39.44866666666667
2020-06-08,94.71,40.96,0,6,8,24,0,96.635,73.788,71.544,85.327,88.32371428571427,9.791348863739007,79.55278571428572,11.454567729672227,79.45446666666666,8.950121123178736,40.11,40.22,40.68,39.51142857142857,39.44666666666667
2020-06-09,103.477,38.61,1,6,9,24,0,94.71,75.064,68.343,84.04,91.31257142857145,7.551907724921479,81.2075,11.874212425705968,79.76723333333332,9.318771073645838,40.96,39.59,39.93,39.617142857142866,39.474333333333334
2020-06-10,99.198,40.07,2,6,10,24,0,103.477,93.753,70.906,85.756,95.37157142857143,4.297610648456714,83.71707142857143,12.63458001167619,80.41513333333333,10.25476945968529,38.61,39.36,40.37,39.47714285714285,39.455333333333336
2020-06-11,97.603,39.65,3,6,11,24,0,99.198,89.056,66.418,75.922,96.14942857142857,4.44602994656227,85.73792857142857,12.690352074066098,80.8632,10.776566075167148,40.07,39.18,40.08,39.57857142857143,39.49933333333333
2020-06-12,101.123,39.37,4,6,12,24,0,97.603,95.359,71.324,85.327,97.37042857142856,3.1613116400836634,87.96542857142857,11.739614583598746,81.58590000000001,11.154144896360055,39.65,39.1,39.09,39.645714285714284,39.53066666666667
2020-06-13,100.914,39.49,5,6,13,24,1,101.123,94.611,76.032,84.359,98.19385714285714,3.2978036341689556,90.09392857142856,11.17827056573035,82.11243333333331,11.696475787187325,39.37,39.02,39.69,39.684285714285714,39.535999999999994
2020-06-14,103.147,40.69,6,6,14,24,1,100.914,96.635,70.906,88.528,99.0942857142857,3.0038853570183712,91.87121428571429,10.73997641580747,82.66426666666666,12.186390198266144,39.49,40.11,40.6,39.75142857142857,39.56366666666666
2020-06-15,103.796,40.62,0,6,15,25,0,103.147,94.71,73.788,87.67,100.02457142857143,3.1213872373879616,94.17414285714287,9.252303778454436,83.15156666666667,12.70998824352737,40.69,40.96,40.22,39.83428571428572,39.63133333333334
2020-06-16,98.032,39.74,1,6,16,25,0,103.796,103.477,75.064,75.284,101.32257142857142,2.3325138697112036,96.31757142857144,7.470619052861445,83.68910000000001,13.237718261950878,40.62,38.61,39.59,39.785714285714285,39.70333333333334
2020-06-17,98.241,40.2,2,6,17,25,0,98.032,99.198,93.753,75.603,100.54471428571428,2.4012007908772244,97.95814285714286,4.288412470424416,84.44736666666667,13.390298061331322,39.74,40.07,39.36,39.94714285714286,39.73800000000001
2020-06-18,101.332,40.45,3,6,18,25,0,98.241,97.603,89.056,75.603,100.408,2.515194359623295,98.27871428571429,4.114087587950281,85.20196666666666,13.512014126602297,40.2,39.65,39.18,39.965714285714284,39.76466666666666
2020-06-19,98.461,40.28,4,6,19,25,0,101.332,101.123,95.359,74.954,100.9407142857143,2.1968339122722496,99.15557142857142,3.2049734599724964,86.05959999999999,13.697008247714523,40.45,39.37,39.1,40.08,39.79266666666667
2020-06-20,95.997,36.99,5,6,20,25,1,98.461,100.914,94.611,77.957,100.56042857142857,2.382572479288255,99.37714285714286,3.0244551157621378,86.84316666666668,13.712156803824557,40.28,39.49,39.02,40.21,39.81066666666666
2020-06-21,99.198,39.52,6,6,21,25,1,95.997,103.147,96.635,73.997,99.85799999999999,2.9242074709820955,99.47614285714285,2.8754572574753023,87.4445,13.704586113214475,36.99,40.69,40.11,39.85285714285715,39.74933333333333
2020-06-22,87.032,37.94,0,6,22,26,0,99.198,103.796,94.71,72.501,99.29385714285714,2.5395608169270742,99.65921428571428,2.7599242793017593,88.28453333333333,13.624008425123796,39.52,40.62,40.96,39.68571428571429,39.76833333333333
2020-06-23,96.316,37.24,1,6,23,26,0,87.032,98.032,103.477,67.067,96.899,4.630203019308564,99.11078571428571,4.204067173191994,88.7689,13.29791939222437,37.94,39.74,38.61,39.30285714285714,39.718333333333334
2020-06-24,96.008,37.91,2,6,24,26,0,96.316,98.241,99.198,71.544,96.65385714285715,4.605580217830463,98.59928571428573,4.065317651107134,89.74386666666668,12.711214976882953,37.24,40.2,40.07,38.94571428571429,39.628
2020-06-25,90.761,35.52,3,6,25,26,0,96.008,101.332,97.603,68.343,96.33485714285713,4.554375128328579,98.37142857142858,4.118232793403881,90.55933333333333,12.280808187865894,37.91,40.45,39.65,38.61857142857143,39.53566666666667
2020-06-26,91.19,38.28,4,6,26,26,0,90.761,98.461,101.123,70.906,94.8247142857143,4.37010151347877,97.88271428571429,4.594832338593911,91.30659999999999,11.542204745464979,35.52,40.28,39.37,37.91428571428572,39.38866666666667
2020-06-27,88.847,39.68,5,6,27,26,1,91.19,95.997,100.914,66.418,93.78599999999999,4.223403169642647,97.1732142857143,4.817498587738854,91.98273333333333,10.881123559930014,38.28,36.99,39.49,37.628571428571426,39.318999999999996
2020-06-28,101.024,38.87,6,6,28,26,1,88.847,99.198,103.147,71.324,92.76457142857143,4.4576673966394,96.31128571428572,5.163773805280132,92.73036666666667,9.77871582600569,39.68,39.52,40.69,38.01285714285715,39.30566666666667
2020-06-29,93.863,37.25,0,6,29,27,0,101.024,87.032,103.796,76.032,93.02542857142858,4.925742308092107,96.15964285714286,4.975323933902415,93.72036666666666,9.010002168026537,38.87,37.94,40.62,37.92,39.29833333333333
2020-06-30,98.351,38.09,1,6,30,27,0,93.863,96.316,98.032,70.906,94.00128571428571,4.157160157059478,95.45014285714285,4.486845574432128,94.31473333333334,8.368182577513554,37.25,37.24,39.74,37.82142857142857,39.217
2020-07-01,101.024,36.8,2,7,1,27,0,98.351,96.008,98.241,73.788,94.292,4.409504734095906,95.47292857142857,4.501750932254461,95.22956666666667,7.129305623119447,38.09,37.91,40.2,37.94285714285714,39.13333333333333
2020-07-02,103.257,38.45,3,7,2,27,0,101.024,90.761,101.332,75.064,95.00857142857144,5.089912208057077,95.67171428571429,4.6908573339510475,96.13743333333333,5.939612727905545,36.8,35.52,40.45,37.784285714285716,39.019333333333336
2020-07-03,106.469,38.74,4,7,3,27,0,103.257,91.19,98.461,93.753,96.79371428571427,5.524653887027013,95.8092142857143,4.893377709935912,97.07719999999999,4.560681954453879,38.45,38.28,40.28,38.20285714285715,38.98133333333333
2020-07-04,106.579,37.26,5,7,4,27,1,106.469,88.847,95.997,89.056,98.97642857142857,5.9440537754741305,96.38121428571428,5.638503472739659,97.50106666666667,4.824365207009177,38.74,39.68,36.99,38.26857142857143,38.96066666666666
2020-07-05,108.603,37.08,6,7,5,27,1,106.579,101.024,99.198,95.359,101.50957142857143,4.514176405399038,97.13707142857143,6.258250621433121,98.08516666666668,4.827418201122793,37.26,38.87,39.52,37.92285714285715,38.89666666666667
2020-07-06,106.887,38.45,0,7,6,28,0,108.603,93.863,87.032,94.611,102.59228571428571,5.230388599786405,97.80885714285714,6.96174192235067,98.52663333333334,5.163402637019487,37.08,37.25,37.94,37.667142857142856,38.82933333333334
2020-07-07,107.855,38.2,1,7,7,28,0,106.887,98.351,96.316,96.635,104.45285714285714,3.7003118980527465,99.22707142857143,6.611001558757739,98.93583333333332,5.326256640350356,38.45,38.09,37.24,37.83857142857143,38.81033333333334
2020-07-08,95.359,37.49,2,7,8,28,0,107.855,101.024,96.008,94.71,105.81057142857142,2.6954297033548786,100.0512857142857,6.93167560416132,99.30983333333333,5.548416065271146,38.2,36.8,37.91,37.854285714285716,38.74666666666666
2020-07-09,106.359,37.57,3,7,9,28,0,95.359,103.257,90.761,103.477,105.00128571428571,4.570403399931873,100.00492857142856,6.962895877040821,99.33146666666667,5.531101036076811,37.49,38.45,35.52,37.95285714285715,38.63099999999999
2020-07-10,102.938,36.91,4,7,10,28,0,106.359,106.469,91.19,99.198,105.44442857142857,4.523231693423907,101.11907142857142,6.608913299061441,99.42753333333333,5.629733856229761,37.57,38.74,38.28,37.82714285714286,38.596333333333334
2020-07-11,106.15,37.82,5,7,11,28,1,102.938,106.579,88.847,97.603,104.93999999999998,4.586375656951821,101.95821428571428,5.965763516530794,99.5522,5.665770279070443,36.91,37.26,39.68,37.565714285714286,38.491
2020-07-12,113.63,35.99,6,7,12,28,1,106.15,108.603,101.024,101.123,104.8787142857143,4.563634104319586,103.19414285714285,4.698250097432664,99.83709999999999,5.77815200352912,37.82,37.08,38.87,37.645714285714284,38.43
2020-07-13,109.56,36.39,0,7,13,29,0,113.63,106.887,93.863,100.914,105.59685714285713,5.538729259454498,104.09457142857143,5.40514707284864,100.254,6.301615994168198,35.99,38.45,37.25,37.49,38.31733333333334
2020-07-14,109.989,37.66,1,7,14,29,0,109.56,107.855,98.351,103.147,105.97871428571429,5.731295075121223,105.21578571428572,4.70179301606701,100.54220000000001,6.526536861684145,36.39,38.2,38.09,37.19571428571429,38.214000000000006
2020-07-15,108.922,37.47,2,7,15,29,0,109.989,95.359,101.024,103.796,106.28357142857143,5.901946539269438,106.04707142857144,4.4147735975454285,100.77026666666667,6.736855487354364,37.66,37.49,36.8,37.118571428571435,38.11300000000001
2020-07-16,106.249,36.0,3,7,16,29,0,108.922,106.359,103.257,98.032,108.22114285714285,3.423779608785769,106.61121428571428,4.224027465284035,100.94113333333333,6.879733518965639,37.47,37.57,38.45,37.11571428571428,38.008
2020-07-17,107.965,37.23,4,7,17,29,0,106.249,102.938,106.469,98.241,108.20542857142857,3.433988053618471,106.82492857142857,4.115564424592113,101.21503333333334,6.923351343566354,36.0,36.91,38.74,36.89142857142857,37.88333333333333
2020-07-18,112.662,34.38,5,7,18,29,1,107.965,106.15,106.579,101.332,108.92357142857144,2.5643563752062666,106.93178571428572,4.125022483455342,101.53916666666667,7.0064411847055315,37.23,37.82,37.26,36.93714285714286,37.78433333333334
2020-07-19,109.67,35.87,6,7,19,29,1,112.662,113.63,108.603,98.461,109.85385714285715,2.5716619417937783,107.36628571428571,4.396444112594358,101.91683333333332,7.294333805149357,34.38,35.99,37.08,36.44571428571429,37.582
2020-07-20,105.512,35.01,0,7,20,30,0,109.67,109.56,106.887,95.997,109.28814285714284,1.9670193549811765,107.44250000000001,4.4286626519318535,102.29046666666666,7.397559284043936,35.87,36.39,38.45,36.42857142857142,37.43500000000001
2020-07-21,109.351,31.22,1,7,21,30,0,105.512,109.989,107.855,99.198,108.70985714285715,2.4172794231402444,107.3442857142857,4.45708504999152,102.60763333333334,7.322015293919623,35.01,37.66,38.2,36.23142857142857,37.36900000000001
2020-07-22,115.654,33.99,2,7,22,30,0,109.351,108.922,95.359,87.032,108.61871428571429,2.3726267942462687,107.45114285714286,4.488096287482586,102.94606666666665,7.393278895254357,31.22,37.47,37.49,35.31142857142857,37.092333333333336
2020-07-23,114.895,36.5,3,7,23,30,0,115.654,106.249,106.359,96.316,109.58042857142858,3.5754987930442703,108.9007857142857,3.4362944303547973,103.90013333333333,7.110175727658617,33.99,36.0,37.57,34.81428571428571,36.96066666666666
2020-07-24,114.268,35.34,4,7,24,30,0,114.895,107.965,102.938,96.008,110.81557142857143,3.723178698244421,109.5105,3.6979304139143627,104.51943333333332,7.234842436545105,36.5,37.23,36.91,34.885714285714286,36.936
2020-07-25,104.654,32.66,5,7,25,30,1,114.268,112.662,106.15,90.761,111.716,3.6808165307913328,110.3197857142857,3.374540474210717,105.12809999999999,7.2621389665160025,35.34,34.38,37.82,34.61571428571428,36.85033333333333
2020-07-26,103.906,33.82,6,7,26,30,1,104.654,109.67,113.63,91.19,110.57199999999999,4.492702193559394,110.21292857142858,3.5365341674556006,105.5912,6.738460298912839,32.66,35.87,35.99,34.37,36.754999999999995
2020-07-27,110.099,34.27,0,7,27,31,0,103.906,105.512,109.56,88.847,109.74857142857142,5.163686469218897,109.51835714285714,3.7615352759035905,106.01506666666667,6.177975390567789,33.82,35.01,36.39,34.07714285714286,36.60633333333333
2020-07-28,110.418,34.23,1,7,28,31,0,110.099,109.351,109.989,101.024,110.40385714285715,4.8157798755276575,109.55685714285714,3.7647512913489023,106.72346666666665,5.29715310484002,34.27,31.22,37.66,33.971428571428575,36.426
2020-07-29,108.504,34.63,2,7,29,31,0,110.418,115.654,108.922,93.863,110.55628571428572,4.793736632813204,109.58749999999999,3.770281090316599,107.03659999999999,5.225795373221465,34.23,33.99,37.47,34.401428571428575,36.27133333333334
2020-07-30,107.965,36.79,3,7,30,31,0,108.504,114.895,106.249,98.351,109.53485714285713,4.258353297876681,109.55764285714285,3.777604605427095,107.52463333333334,4.59918812538342,34.63,36.5,36.0,34.49285714285715,36.184
2020-07-31,116.721,36.17,4,7,31,31,0,107.965,114.268,107.965,101.024,108.54485714285714,3.5513860406237483,109.68021428571429,3.6887867127399434,107.8451,4.260406402424214,36.79,35.34,37.23,34.534285714285716,36.14066666666666
2020-08-01,115.863,33.59,5,8,1,31,1,116.721,104.654,112.662,103.257,108.89528571428572,4.260465612830206,110.30564285714286,4.095469985373753,108.36833333333334,4.356611387492949,36.17,32.66,34.38,34.652857142857144,36.11966666666667
2020-08-02,119.713,35.85,6,8,2,31,1,115.863,103.906,109.67,106.469,110.49657142857144,4.500391273996185,110.53428571428572,4.320321220759825,108.78853333333333,4.453472413000592,33.59,33.82,35.87,34.785714285714285,35.95766666666666
2020-08-03,119.174,36.0,0,8,3,32,0,119.713,110.099,105.512,106.579,112.75471428571429,4.606762952961138,111.25164285714285,4.953201522669303,109.23,4.854027947011507,35.85,34.27,35.01,35.07571428571429,35.86133333333334
2020-08-04,117.997,34.19,1,8,4,32,0,119.174,110.418,109.351,108.603,114.05114285714285,4.995379712915103,112.22749999999999,5.079618031520757,109.64983333333333,5.152346523228631,36.0,34.23,31.22,35.322857142857146,35.81933333333333
2020-08-05,117.579,33.48,2,8,5,32,0,117.997,108.504,115.654,106.887,115.13385714285714,4.897058315240942,112.84507142857144,5.226457153667041,109.96296666666667,5.367499009740388,34.19,34.63,33.99,35.31714285714286,35.723
2020-08-06,116.182,33.85,3,8,6,32,0,117.579,107.965,114.895,107.855,116.4302857142857,3.961180577989584,112.98257142857143,5.330329903403474,110.31936666666667,5.5093121385753445,33.48,36.79,36.5,35.152857142857144,35.557333333333325
2020-08-07,117.568,34.73,4,8,7,32,0,116.182,116.721,114.268,95.359,117.60414285714286,1.4663281156925532,113.07450000000001,5.37674528015682,110.59693333333333,5.59004396956168,33.85,36.17,35.34,34.73285714285714,35.412333333333336
2020-08-08,115.973,35.13,5,8,8,32,1,117.568,115.863,104.654,106.359,117.72514285714286,1.4153672584187496,113.3102142857143,5.5039238475633345,111.33723333333334,4.934638271923913,34.73,33.59,32.66,34.527142857142856,35.32033333333334
2020-08-09,104.654,35.83,6,8,9,32,1,115.973,119.713,103.906,102.938,117.74085714285714,1.3916588936243701,114.11871428571429,4.936678117434882,111.6577,4.9123193142192125,35.13,35.85,33.82,34.74714285714286,35.239000000000004
2020-08-10,105.941,36.82,0,8,10,33,0,104.654,119.174,110.099,106.15,115.58957142857142,4.943017932976537,114.17214285714284,4.820322361660599,111.7149,4.81633728592046,35.83,36.0,34.27,34.74428571428571,35.202999999999996
2020-08-11,109.879,36.75,1,8,11,33,0,105.941,117.997,110.418,113.63,113.69914285714286,5.799875269595931,113.87514285714285,5.203459601473964,111.70793333333333,4.8248079964204145,36.82,34.19,34.23,34.86142857142857,35.169666666666664
2020-08-12,95.997,36.83,2,8,12,33,0,109.879,117.579,108.504,109.56,112.53942857142856,5.605632193225632,113.83664285714288,5.232916992199335,111.58290000000001,4.821882772573109,36.75,33.48,34.63,35.22714285714285,35.195
2020-08-13,117.458,37.01,3,8,13,33,0,95.997,116.182,107.965,109.989,109.45628571428571,7.855496456077229,112.94328571428571,6.986949498651017,111.1308,5.592366634917095,36.83,33.85,36.79,35.705714285714286,35.209666666666664
2020-08-14,117.139,36.54,4,8,14,33,0,117.458,117.568,116.721,108.922,109.63857142857144,8.04997463468432,113.62135714285715,6.92703403737422,111.37976666666667,5.7049059146865755,37.01,34.73,36.17,36.15714285714286,35.187999999999995
2020-08-15,117.788,35.72,5,8,15,33,1,117.139,115.973,115.863,106.249,109.57728571428571,7.980881837539962,113.65121428571429,6.94230593677462,111.65366666666665,5.779601789967734,36.54,35.13,33.59,36.41571428571429,35.157000000000004
2020-08-16,115.115,31.43,6,8,16,33,1,117.788,104.654,119.713,107.965,109.83657142857143,8.248301983988034,113.78871428571428,7.008232877546941,112.03829999999999,5.791466517572332,35.72,35.83,35.85,36.5,35.147666666666666
2020-08-17,124.949,30.57,0,8,17,34,0,115.115,105.941,119.174,112.662,111.331,8.099140468799556,113.46028571428572,6.814300702634872,112.27663333333334,5.765120075213753,31.43,36.82,36.0,35.871428571428574,34.95433333333334
2020-08-18,120.142,34.89,1,8,18,34,0,124.949,109.879,117.997,109.67,114.04642857142858,9.113720569507334,113.87278571428571,7.34120541536233,112.68620000000001,6.212528217657911,30.57,36.75,34.19,34.97857142857142,34.82733333333333
2020-08-19,125.697,33.96,2,8,19,34,0,120.142,95.997,117.579,105.512,115.51257142857142,9.156972950656847,114.026,7.455396187171273,113.03526666666667,6.330293243377415,34.89,36.83,33.48,34.71285714285714,34.794666666666664
2020-08-20,123.343,34.22,3,8,20,34,0,125.697,117.458,116.182,109.351,119.75542857142857,4.081525893469422,114.60585714285715,8.045348736115143,113.7081,6.571213535908417,33.96,37.01,33.85,34.30285714285714,34.75966666666667
2020-08-21,122.276,33.04,4,8,21,34,0,123.343,117.139,117.568,115.654,120.59614285714285,4.135174499688125,115.11735714285714,8.374181288176633,114.17450000000001,6.745536663552689,34.22,36.54,34.73,33.90428571428571,34.85966666666666
2020-08-22,120.67,34.45,5,8,22,34,1,122.276,117.788,115.973,114.895,121.33000000000001,3.8664856566845227,115.45364285714285,8.572348853297564,114.39523333333334,6.902147010713003,33.04,35.72,35.13,33.40428571428571,34.827999999999996
2020-08-23,116.82,35.03,6,8,23,34,1,120.67,115.115,104.654,114.268,121.74171428571428,3.5684156948767045,115.78914285714286,8.68540752205504,114.58773333333333,6.996453805857252,34.45,31.43,35.83,33.222857142857144,34.75966666666667
2020-08-24,113.839,34.94,0,8,24,35,0,116.82,124.949,105.941,104.654,121.98528571428572,3.06311887430264,116.65814285714285,8.072607793854504,114.67280000000001,7.007937137572018,35.03,30.57,36.82,33.737142857142864,34.74933333333333
2020-08-25,120.461,34.53,1,8,25,35,0,113.839,120.142,109.879,103.906,120.39814285714284,4.005025902064087,117.22228571428572,7.523326651959319,114.97896666666666,6.751068965081568,34.94,34.89,36.75,34.361428571428576,34.82533333333333
2020-08-26,118.217,35.52,2,8,26,35,0,120.461,125.697,95.997,110.099,120.44371428571428,4.003440175412768,117.97814285714287,7.25562230652465,115.5308,6.486159085528331,34.53,33.96,36.83,34.31,34.849000000000004
2020-08-27,124.19,35.44,3,8,27,35,0,118.217,123.343,117.458,110.418,119.37514285714285,3.304883529395683,119.56528571428571,3.573328687943486,115.8014,6.420742301056382,35.52,34.22,37.01,34.53285714285714,34.89066666666667
2020-08-28,127.402,36.49,4,8,28,35,0,124.19,122.276,117.139,108.504,119.49614285714286,3.484967786967937,120.04614285714285,3.717971031812684,116.26046666666666,6.514221491230142,35.44,33.04,36.54,34.707142857142856,34.931000000000004
2020-08-29,118.217,36.26,5,8,29,35,1,127.402,120.67,117.788,107.965,120.22842857142857,4.544067152422824,120.77921428571429,4.093490652214977,116.8904,6.6505998619794395,36.49,34.45,35.72,35.2,34.993
2020-08-30,120.142,34.06,6,8,30,35,1,118.217,116.82,115.115,116.721,119.878,4.5985964525436565,120.80985714285714,4.070920210791231,117.23213333333334,6.436098436559253,36.26,35.03,31.43,35.458571428571425,34.97533333333333
2020-08-31,110.308,32.3,0,8,31,36,0,120.142,113.839,124.949,115.863,120.35257142857142,4.397429963709266,121.16892857142857,3.738064811230264,117.34616666666666,6.457002315496087,34.06,34.94,30.57,35.32,34.905
